"conversation_id_str","created_at","favorite_count","full_text","id_str","image_url","in_reply_to_screen_name","lang","location","quote_count","reply_count","retweet_count","tweet_url","user_id_str","username"
"1441441115442331663","Sun Sep 26 12:33:14 +0000 2021","2","@ohmybeautybank Kita sebagai cowo jangan banyak nuntut kalo gaji masih umr. Jangan mikirin selangkangan mulu. Omongin yang lain bisnis misalnya. Its really painful seeing this kinda shit. Sabar mbaknya","1442104977757851648","","ohmybeautybank","in","","0","0","0","https://x.com/touristbali/status/1442104977757851648","850759686567612416","touristbali"
"1442072570346409984","Sun Sep 26 10:28:42 +0000 2021","1","@FOODFESS2 Madu + kabar dirinya","1442073640548265993","","FOODFESS2","in","","0","1","0","https://x.com/touristbali/status/1442073640548265993","850759686567612416","touristbali"
"1428740195537457155","Fri Aug 20 15:47:40 +0000 2021","1","@anggasasongko Kita emang masih seneng mas makan tempe","1428745559012118530","","","in","","0","0","0","https://x.com/touristbali/status/1428745559012118530","850759686567612416","touristbali"
"1427659121843589122","Tue Aug 17 15:50:33 +0000 2021","1","Buang sampah jangan sembarangan. Ngentot sama selebgram/selebtweet gak bisa dimasukin ke cv","1427659121843589122","","","in","","0","0","0","https://x.com/touristbali/status/1427659121843589122","850759686567612416","touristbali"
"1412744278141399045","Wed Jul 07 12:04:18 +0000 2021","0","Its not the money nor the place - dari bapack bapack yang kemarin vaksin bareng","1412744278141399045","","","in","","0","0","0","https://x.com/touristbali/status/1412744278141399045","850759686567612416","touristbali"
"1404399263547727881","Mon Jun 14 11:24:11 +0000 2021","0","Setengah gamis setengah jas ujan ini","1404399263547727881","","","in","","0","0","0","https://x.com/touristbali/status/1404399263547727881","850759686567612416","touristbali"
"1400396033763405825","Thu Jun 03 10:16:47 +0000 2021","0","Template film horror bangsa ini","1400396033763405825","","","in","","0","0","0","https://x.com/touristbali/status/1400396033763405825","850759686567612416","touristbali"
"1395012591009730562","Wed May 19 13:44:54 +0000 2021","2","Cast penting tapi script jauh lebih penting","1395012591009730562","","","in","","0","0","0","https://x.com/touristbali/status/1395012591009730562","850759686567612416","touristbali"
"1388209865856749572","Fri Apr 30 19:13:18 +0000 2021","0","Cewe cewe sesirkel gua rambutnya panjang semua padahal kalo curhat kelakuannya cowonya kek babi semua katanya. Ada yang pendek tapi jomblo. Syarat dan ketentuan berlaku","1388209865856749572","","","in","","0","0","0","https://x.com/touristbali/status/1388209865856749572","850759686567612416","touristbali"
"1387773254375518213","Thu Apr 29 14:18:22 +0000 2021","0","Kang paket lebih punya emosi","1387773254375518213","","","in","","0","0","0","https://x.com/touristbali/status/1387773254375518213","850759686567612416","touristbali"
"1385168093551337475","Thu Apr 22 09:46:23 +0000 2021","0","ASIA TOO !!!","1385168093551337475","","","en","","0","0","0","https://x.com/touristbali/status/1385168093551337475","850759686567612416","touristbali"
"1384042274573590532","Mon Apr 19 11:50:36 +0000 2021","0","@VisinemaID Ratih is better than sukma","1384112190475571201","","VisinemaID","in","","0","0","0","https://x.com/touristbali/status/1384112190475571201","850759686567612416","touristbali"
"1375492548014174209","Fri Mar 26 16:59:13 +0000 2021","0","Lagi duduk sendiri terus disamperin mas mas seumuran lalu ngobrol somehow someway obrolannya jadi dalem dan sekarang gua jadi kepikiran masalahnya dia. Why this happen all the time like why","1375492548014174209","","","in","","0","0","0","https://x.com/touristbali/status/1375492548014174209","850759686567612416","touristbali"
"1366361260263055360","Mon Mar 01 12:14:44 +0000 2021","1","Tunggu sampe cewe lo bilang sambelnya kurang pedes","1366361260263055360","","","in","","0","0","0","https://x.com/touristbali/status/1366361260263055360","850759686567612416","touristbali"
"1366355514150428673","Mon Mar 01 12:01:18 +0000 2021","1","@anggasasongko Ada 3 biji skrip nih mas https://t.co/tD0t51HYgc","1366357878374682628","https://pbs.twimg.com/tweet_video_thumb/EvZHPjyUcAMjytL.jpg","","in","","0","0","0","https://x.com/touristbali/status/1366357878374682628","850759686567612416","touristbali"
"1355347235714699264","Sat Jan 30 02:48:56 +0000 2021","0","Bukti ke 1259 kalo cowo selalu salah","1355347235714699264","","","in","","0","0","0","https://x.com/touristbali/status/1355347235714699264","850759686567612416","touristbali"
"1355289046159777793","Fri Jan 29 22:57:43 +0000 2021","0","Kang bubur yang tetep lewat meski gerimis romantis menghadang pantes dapet lebih dari dunia ini","1355289046159777793","","","in","","0","0","0","https://x.com/touristbali/status/1355289046159777793","850759686567612416","touristbali"
"1350134069825204225","Fri Jan 15 17:36:50 +0000 2021","0","@touristbali nyari the great one dmn yah:)","1350134862246678530","","touristbali","in","ðŸ‡®ðŸ‡© IDN","0","0","0","https://x.com/tiddvrcityx/status/1350134862246678530","1107113058789318657","tiddvrcityx"
"1307262415956975617","Sat Sep 19 10:17:02 +0000 2020","0","anak anak setan udah disini semua semenjak gua ultimatum kalo jam 6 gak lengkap. gua buang buangin nih ayam ayam daging sama minuman","1307262415956975617","","","in","","0","0","0","https://x.com/touristbali/status/1307262415956975617","850759686567612416","touristbali"
"1306565585086509056","Thu Sep 17 12:08:04 +0000 2020","0","gigit bibir bawah maksudnya apaan? ngajak berantem? im not romy rafael who can read the damn mind girl","1306565585086509056","","","in","","0","0","0","https://x.com/touristbali/status/1306565585086509056","850759686567612416","touristbali"
"1304749053100478464","Sat Sep 12 13:04:29 +0000 2020","0","@touristbali Keduanya punya kualitas yang beda sama-sama keren pastinya ","1304767842689007617","","touristbali","in","","0","0","0","https://x.com/ulasinema/status/1304767842689007617","863759688629800960","ulasinema"
"1290165027727486976","Mon Aug 03 05:58:07 +0000 2020","0","nasi. soto ayam/sop. paha atas/bawah. pisang/jeruk. teh anget adalah junjungan rumah sakit seluruh indonesia","1290165027727486976","","","in","","0","0","0","https://x.com/touristbali/status/1290165027727486976","850759686567612416","touristbali"
"1290154494680895489","Mon Aug 03 05:16:16 +0000 2020","0","ceper banget becek dikit kelelep nanti","1290154494680895489","","","in","","0","0","0","https://x.com/touristbali/status/1290154494680895489","850759686567612416","touristbali"
"1290073432529362945","Mon Aug 03 00:00:24 +0000 2020","0","@FOODFESS2 pake teflon biasa bisa mbaknya gak perlu marble. pake aluminium bisa sih tapi nanti cepet gosong soalnya lebih emang lebih cepet dari kompor biasa","1290075004021796864","","FOODFESS2","in","","0","0","0","https://x.com/touristbali/status/1290075004021796864","850759686567612416","touristbali"
"1286553280894533634","Fri Jul 24 09:53:40 +0000 2020","0","@touristbali Iya ngerti maksud saya kalo Fox boncos pun kan ngga ada hubungannya sama revenue MLB. Karena bukan MLB yg boncos.. kan kalo baca dr twit Mas yang pertama itu refer ke hubungan teknologi Fox dengan revenue MLB yg USD 10 B itu. Dua hal berbeda &amp; dua pos yg berbeda. Bener ga?","1286600426108772353","","touristbali","in","Di pikiran kita.","0","0","0","https://x.com/AnalisisCetek/status/1286600426108772353","495344537","AnalisisCetek"
"1286553280894533634","Fri Jul 24 09:32:48 +0000 2020","0","@AnalisisCetek ya ada dong hubungannya sama revenue. kontrak MLB sama fox sports hampir $ 3 billion. kalo fox sports gak maksimalin tv experience yang maksimal nanti itu $ 3 billion bakalan boncos dan berimbas cut the cordnya fox sports &amp; ujung ujungnya bakalan kena ke fiskalnya fox sports","1286595175632875520","","AnalisisCetek","in","","0","1","0","https://x.com/touristbali/status/1286595175632875520","850759686567612416","touristbali"
"1286553280894533634","Fri Jul 24 08:17:23 +0000 2020","0","@touristbali Tidak lagi membandingkan dengan siapapun di twit ini Mas.. dan ngga ada hubungannya juga sama revenue MLB menurut saya Mas. Inovasi teknologinya dari pihak broadcast bukan dari MLB nya..","1286576196549873665","","touristbali","in","Di pikiran kita.","0","1","0","https://x.com/AnalisisCetek/status/1286576196549873665","495344537","AnalisisCetek"
"1286553280894533634","Fri Jul 24 06:49:56 +0000 2020","0","@AnalisisCetek gak bisa apple to apple lah. MLB revenue nya udah lewat $10 Billion per year","1286554188143398912","","AnalisisCetek","in","","0","1","0","https://x.com/touristbali/status/1286554188143398912","850759686567612416","touristbali"
"1284813022607757312","Sun Jul 19 11:34:16 +0000 2020","0","@FOOD_FESS nasinya pake cetakan bekel anak sd pas mau renang","1284813803717300226","","FOOD_FESS","in","","0","0","0","https://x.com/touristbali/status/1284813803717300226","850759686567612416","touristbali"
"1284153913529098240","Fri Jul 17 15:52:06 +0000 2020","0","gak itu doang lah 1. itu film feature pertama dia. kuat? gak juga lah 2. setting di india pake pemain india. sure tinggal kaliin 3. subsnya netflix di india ada 2 juta an 4. pandemic? play a huge role 5. chris hemsworth? pemain avengers? 6. netflix for the win","1284153913529098240","","","in","","0","0","0","https://x.com/touristbali/status/1284153913529098240","850759686567612416","touristbali"
"1283404913234472967","Wed Jul 15 14:26:45 +0000 2020","0","@zupercandies haha emang iya","1283407658792284160","","zupercandies","tl","","0","0","0","https://x.com/touristbali/status/1283407658792284160","850759686567612416","touristbali"
"1283404913234472967","Wed Jul 15 14:20:09 +0000 2020","0","@touristbali Hahaha emang engga kok","1283405998175088640","","touristbali","tl","","0","1","0","https://x.com/zupercandies/status/1283405998175088640","926166923565441024","zupercandies"
"1283404913234472967","Wed Jul 15 14:18:41 +0000 2020","0","@zupercandies gak biasa aja. diluaran juga banyak yang kaya gitu","1283405629869056000","","zupercandies","in","","0","1","0","https://x.com/touristbali/status/1283405629869056000","850759686567612416","touristbali"
"1283008741470699523","Tue Jul 14 12:01:35 +0000 2020","0","lo harus nemu duit 500 juta dulu di gerbong lalu kembalikan dan kemudian baru jadi karyawan tetap. senang dan sedih dalam satu kalimat","1283008741470699523","","","in","","0","0","0","https://x.com/touristbali/status/1283008741470699523","850759686567612416","touristbali"
"1282816636823629824","Mon Jul 13 23:18:14 +0000 2020","0","gak dia cuma punya beberapa % dari oxfordnya gak penuh kaya waktu di inter. thohir juga punya mainan di dc united sama 76ers. the man know what he wantsm good for him","1282816636823629824","","","in","","1","0","0","https://x.com/touristbali/status/1282816636823629824","850759686567612416","touristbali"
"1282705007804993537","Mon Jul 13 15:56:23 +0000 2020","0","@fajarnugros email hello@idnpicrures.com nya masih gak bisa bang","1282705441475051521","","fajarnugros","in","","0","0","0","https://x.com/touristbali/status/1282705441475051521","850759686567612416","touristbali"
"1279654860317528064","Sun Jul 05 05:54:28 +0000 2020","0","lmao millenialls disuruh diem 3 bulan sama disuruh gak gatel aja susah - kata mba2 diantrian superindo","1279654860317528064","","","in","","0","0","0","https://x.com/touristbali/status/1279654860317528064","850759686567612416","touristbali"
"1278349655915388928","Wed Jul 01 15:28:03 +0000 2020","0","ruang uks lebih enak","1278349655915388928","","","in","","0","0","0","https://x.com/touristbali/status/1278349655915388928","850759686567612416","touristbali"
"1239537052992995328","Mon Mar 16 13:00:37 +0000 2020","0","nothing fancy just pecel lele dan pulangnya minta digendong sembari ditemani gerimis kecil","1239537052992995328","","","in","","0","0","0","https://x.com/touristbali/status/1239537052992995328","850759686567612416","touristbali"
"1239492884140675072","Mon Mar 16 10:05:06 +0000 2020","0","kalah taroan lagi dan hukumannya gendong. pinggang gua masih belom recover","1239492884140675072","","","in","","0","0","0","https://x.com/touristbali/status/1239492884140675072","850759686567612416","touristbali"
"1238415112517513218","Fri Mar 13 10:42:26 +0000 2020","0","her: marathon drama yuk gua: hah? her: gak suka emangnya? g: pernah nyoba tp ya gitu her: lagi musim corona g: corona bukan ujan h: ya gitu deh pokoknya. mau yah g: kapan? h: besok sore aja jam 4 an g: yaudah","1238415112517513218","","","in","","0","0","0","https://x.com/touristbali/status/1238415112517513218","850759686567612416","touristbali"
"1238092612663267330","Thu Mar 12 13:20:56 +0000 2020","0","kenapa cewe doyan banget sama hoodie cowo deh? dan somehow they never give them back. buat apaan emangnya?","1238092612663267330","","","in","","0","0","0","https://x.com/touristbali/status/1238092612663267330","850759686567612416","touristbali"
"1235919449154367489","Fri Mar 06 13:25:33 +0000 2020","0","nemenin wonyo ngurut terakhir kali karena udah enakan kakinya. fuck im sad","1235919449154367489","","","in","","0","0","0","https://x.com/touristbali/status/1235919449154367489","850759686567612416","touristbali"
"1234839399508127744","Tue Mar 03 13:53:49 +0000 2020","0","kemarin nemenin belanja sekarang nemenin ke kang urut gara gara ada yang mau jadi jang wonyoung","1234839399508127744","","","in","","0","0","0","https://x.com/touristbali/status/1234839399508127744","850759686567612416","touristbali"
"1234474947314999296","Mon Mar 02 13:45:37 +0000 2020","0","bpjs ke cover kok semuanya","1234474947314999296","","","in","","0","0","0","https://x.com/touristbali/status/1234474947314999296","850759686567612416","touristbali"
"1234472294602268672","Mon Mar 02 13:35:05 +0000 2020","0","grup whatsap emak emak &gt; corona","1234472294602268672","","","in","","0","0","0","https://x.com/touristbali/status/1234472294602268672","850759686567612416","touristbali"
"1229414356686757894","Mon Feb 17 14:36:38 +0000 2020","0","gua: jgn bandingin hidup lo sama orang orang disekitar lo. contoh: temen lo punya mobil semua sementara lo doang yang masih naik beat = chill. temen2 lo ceweknya pada cakep &amp; cewe lo gak gitu = chill. even sampe urusan titit lo lebih pendek 4 cm dari temen2 lo = stay chill brader","1229414356686757894","","","in","","0","0","0","https://x.com/touristbali/status/1229414356686757894","850759686567612416","touristbali"
"1229064898363027458","Sun Feb 16 15:28:01 +0000 2020","0","kasih semua ke tetangga sisain cuma setengah liter air zam zam dirumah dan percayalah dadamu akan lapang. insyallah urusanmu akan mudah","1229064898363027458","","","in","","0","0","0","https://x.com/touristbali/status/1229064898363027458","850759686567612416","touristbali"
"1228945049041301504","Sun Feb 16 07:39:37 +0000 2020","0","@touristbali Lah gimana ga bingung. Terlalu fokus dgn kata 'keberuntungan' sampai mengabaikan ada 'salah satu' di situ. Keberhasilan sesuatu seringnya ada banyak faktor bukan cuma faktor tunggal.","1228947022645870592","","touristbali","in","Jakarta - Indonesia","0","0","0","https://x.com/VincentJose/status/1228947022645870592","66104207","VincentJose"
"1228945049041301504","Sun Feb 16 07:36:02 +0000 2020","0","@touristbali Tentu saja bingung karena Anda memaksakan penafsiran Anda sendiri.","1228946121210204160","","touristbali","in","Indonesia","1","0","0","https://x.com/bicaraboxoffice/status/1228946121210204160","907454761766494208","bicaraboxoffice"
"1228945049041301504","Sun Feb 16 07:31:47 +0000 2020","0","lho bukannya situ yang bilang kalo suksesnya milea itu beruntung. jadi bingung","1228945049041301504","","","in","","0","2","0","https://x.com/touristbali/status/1228945049041301504","850759686567612416","touristbali"
"1228942732363567104","Sun Feb 16 07:24:56 +0000 2020","2","@touristbali Jangan menafsirkan terlalu cepat. Bisnis memang demikian. Kegagalan pesaing adalah peluang. Silakan cermati data historis kinerja film adaptasi komik DC di Indonesia.","1228943326537142272","","touristbali","in","Indonesia","1","0","0","https://x.com/bicaraboxoffice/status/1228943326537142272","907454761766494208","bicaraboxoffice"
"1228942732363567104","Sun Feb 16 07:22:34 +0000 2020","0","melihat kesuksesan seseorang sebagai keberuntungan adalah sebuah penghianatan atas hasil kerja keras dan dedikasi orang tersebut","1228942732363567104","","","in","","0","1","0","https://x.com/touristbali/status/1228942732363567104","850759686567612416","touristbali"
"1228814723522551808","Sat Feb 15 22:53:55 +0000 2020","0","shit mata gua udah perih","1228814723522551808","","","in","","0","0","0","https://x.com/touristbali/status/1228814723522551808","850759686567612416","touristbali"
"1228353294289866753","Fri Feb 14 17:58:26 +0000 2020","0","@AlterBase18Plus coklat: 0","1228377977353723905","","AlterEgoThingy","tr","","0","0","0","https://x.com/touristbali/status/1228377977353723905","850759686567612416","touristbali"
"1228348286341275649","Fri Feb 14 16:50:58 +0000 2020","0","@AlterBase18Plus pasti belom dapet coklat puk puk","1228360996240027648","","AlterEgoThingy","in","","0","0","0","https://x.com/touristbali/status/1228360996240027648","850759686567612416","touristbali"
"1227663664980742144","Wed Feb 12 18:40:01 +0000 2020","0","saya ada 3 script. mau lihat?","1227663664980742144","","","in","","0","0","0","https://x.com/touristbali/status/1227663664980742144","850759686567612416","touristbali"
"1227604923589648384","Wed Feb 12 14:46:36 +0000 2020","0","her: aku abis mandi nih gua: iya kan udah bilang tadi her: minta pap gak? gua: hah? her: mau gak? gua: gak gak makasih her: yah udah aku potoin juga nanti aku apus nih gua: yaudah apus aja her: bagus tau gua dalam hati: fuck. i cant do this","1227604923589648384","","","in","","0","0","0","https://x.com/touristbali/status/1227604923589648384","850759686567612416","touristbali"
"1220729408274731010","Fri Jan 24 15:40:15 +0000 2020","0","@firzieidris he is bang average bang. moses masuk doi keloan","1220733055163412480","","firzieidris","in","","0","1","0","https://x.com/touristbali/status/1220733055163412480","850759686567612416","touristbali"
"1220700820494114816","Fri Jan 24 15:39:04 +0000 2020","1","@ikanatassa lah apaan ini dikasih tau semua dan endingnya udah ketebak. film pendek aja masih lebih bagus dan pintar nyembunyiin plot dari ini. trash ass ph","1220732760937070592","","ikanatassa","in","","0","0","0","https://x.com/touristbali/status/1220732760937070592","850759686567612416","touristbali"
"1220578529579945984","Fri Jan 24 06:29:05 +0000 2020","0","@ernestprakasa @film_imperfect bang ane punya 3 script https://t.co/yGPgsydpny","1220594352931495937","https://pbs.twimg.com/tweet_video_thumb/EPBsFXrUYAEcWu3.jpg","ernestprakasa","in","","0","0","0","https://x.com/touristbali/status/1220594352931495937","850759686567612416","touristbali"
"1220588922625044480","Fri Jan 24 06:14:09 +0000 2020","0","@detikcom @detikfinance gaji ratusan juta pertahun tapi punya PR lemah","1220590592498884608","","detikcom","in","","0","0","0","https://x.com/touristbali/status/1220590592498884608","850759686567612416","touristbali"
"1220359509794668544","Thu Jan 23 15:09:01 +0000 2020","0","@nathhapr emang udah ngikhlasin yang lama?","1220362806983155721","","oreocheesevx","in","","0","1","0","https://x.com/touristbali/status/1220362806983155721","850759686567612416","touristbali"
"1220359509794668544","Thu Jan 23 14:57:23 +0000 2020","0","@nathhapr gak bisa terpisah non. belajar naik sepeda resikonya jatoh dan lutut luka","1220359880839589888","","oreocheesevx","in","","0","1","0","https://x.com/touristbali/status/1220359880839589888","850759686567612416","touristbali"
"1220303518059372544","Thu Jan 23 12:56:56 +0000 2020","0","@fajarnugros kalo ngasih script diapain? dibaca?","1220329569175003137","","fajarnugros","in","","0","0","0","https://x.com/touristbali/status/1220329569175003137","850759686567612416","touristbali"
"1220277374555549697","Thu Jan 23 12:55:44 +0000 2020","0","@Indostransfer jadi mau ipo?","1220329267134750723","","Indostransfer","in","","0","0","0","https://x.com/touristbali/status/1220329267134750723","850759686567612416","touristbali"
"1219999198629621760","Wed Jan 22 15:07:49 +0000 2020","5","@WatchmenID orang kaya gini aturan jangan dikasih platform. bahaya. ini publikasi gratis buat mereka. diliput media = kemenangan ideologi mereka dan makin banyak pengikutnya karena bosnya aja masuk tv (begitu si pemikiran followersnya kelak)","1220000120239874048","","WatchmenID","in","","0","0","0","https://x.com/touristbali/status/1220000120239874048","850759686567612416","touristbali"
"1219998413124554752","Wed Jan 22 15:01:02 +0000 2020","0","baju putih banyak tp selalu satu masalahnya. kalo ujan bajunya kecipratan ban motor mulu","1219998413124554752","","","in","","0","0","0","https://x.com/touristbali/status/1219998413124554752","850759686567612416","touristbali"
"1219996765690089472","Wed Jan 22 14:54:30 +0000 2020","0","mata sakit kaya abis ditampol","1219996765690089472","","","in","","0","0","0","https://x.com/touristbali/status/1219996765690089472","850759686567612416","touristbali"
"1219601761532432384","Tue Jan 21 12:47:15 +0000 2020","0","@mcheltjandra ada orangnya didepan lo diemin malah nomernya yang dikejar. creppy as fuck","1219602354237923330","","cocachele","in","","0","0","0","https://x.com/touristbali/status/1219602354237923330","850759686567612416","touristbali"
"1219478738800271360","Tue Jan 21 04:39:57 +0000 2020","1","@rvlvt nikah emang pas siap bukan pas disuruh","1219479723140501504","","rvlvt","in","","0","0","0","https://x.com/touristbali/status/1219479723140501504","850759686567612416","touristbali"
"1219270925511610368","Mon Jan 20 16:04:59 +0000 2020","1","@nyampahkuy gua: gak pilih dua duanya. banyakin main dek main yang jauh. banyakin baca buku biar pengetahuanmu luas kalo kamu itu lebih jangan settke for less. cinta itu butuh waktu. kasih mereka waktu jangan terburu buru karena masih banyak yang lebih baik dari mereka (pilihanmu itu)","1219289729385893889","","nyampahkuy","in","","0","0","0","https://x.com/touristbali/status/1219289729385893889","850759686567612416","touristbali"
"1219284921388154880","Mon Jan 20 15:52:43 +0000 2020","0","@sinema911 emang bener sih alesannya. siapa yang mau diganti dari best actor? de niro adam driver leo joaquin phoenix taron? like really tho? seriously? setelah punch drunk love adam sandler baru main film bagus ya uncut gems. it hurts but iylts called life","1219286641006669824","","sinema911","in","","0","0","0","https://x.com/touristbali/status/1219286641006669824","850759686567612416","touristbali"
"1219278467377745922","Mon Jan 20 15:21:36 +0000 2020","0","@mantap2fess bertulang belakang?","1219278811247702017","","alterhome18","in","","0","0","0","https://x.com/touristbali/status/1219278811247702017","850759686567612416","touristbali"
"1219266127521443848","Mon Jan 20 14:33:51 +0000 2020","0","@Indostransfer 1% kuman yang gak mati pas pake antis","1219266795581784064","","Indostransfer","in","","0","0","0","https://x.com/touristbali/status/1219266795581784064","850759686567612416","touristbali"
"1219181227942375425","Mon Jan 20 13:34:09 +0000 2020","0","@floralfall @nyuunyuun tidak balas dm cowo","1219251770859245568","","timunmusk","in","","0","0","0","https://x.com/touristbali/status/1219251770859245568","850759686567612416","touristbali"
"1219249881618866176","Mon Jan 20 13:33:43 +0000 2020","0","@picture_play mother bagus karena ibunya sih but hey","1219251663623487489","","picture_play","in","","0","0","0","https://x.com/touristbali/status/1219251663623487489","850759686567612416","touristbali"
"1219249587057115146","Mon Jan 20 13:32:21 +0000 2020","0","@nyampahkuy saling follow dulu jangan langsung telpon. disini bahaya","1219251316070838272","","nyampahkuy","in","","0","0","0","https://x.com/touristbali/status/1219251316070838272","850759686567612416","touristbali"
"1217430053262258178","Wed Jan 15 13:06:55 +0000 2020","0","@AlterBase18Plus ini soal mempercantik branding dan marketing produk mereka. mereka gak pake gula pakenya artificial sweetener. makanya 0 calorie dan 0 sugar biar rasa tetep sama tapi gak nambah gula di produknya","1217432977124147200","","AlterEgoThingy","in","","0","0","0","https://x.com/touristbali/status/1217432977124147200","850759686567612416","touristbali"
"1217056323524689920","Tue Jan 14 12:17:56 +0000 2020","0","@DMenfess maaf aja foto mbaknya jelek. tt gede gede emang buat apaan? maaf mbak cowomu otaknya dangkal. kurang main yang jauh. temennya jamet. tinggalin kamu pantes yang lebih baik. otak dia cuma sebatas tt","1217058264011005955","","DMenfess","in","","0","0","0","https://x.com/touristbali/status/1217058264011005955","850759686567612416","touristbali"
"1217024895067934720","Tue Jan 14 10:09:50 +0000 2020","0","@AlterBase18Plus jangan cemas non masih muda","1217026027974578176","","AlterEgoThingy","in","","0","0","0","https://x.com/touristbali/status/1217026027974578176","850759686567612416","touristbali"
"1216149650064863233","Mon Jan 13 11:34:45 +0000 2020","0","@touristbali @Indostransfer Oh gitu ya okedeh infonya","1216685006526877696","","touristbali","in","Depok, Jawa Barat","0","0","0","https://x.com/famikazze/status/1216685006526877696","268303374","famikazze"
"1216149650064863233","Mon Jan 13 00:41:29 +0000 2020","0","@touristbali @Indostransfer Klub prasejarah kayak juve aja berani ganti logo menangan pula lagi .","1216520608697073664","","touristbali","in","Depok, Jawa Barat","0","1","0","https://x.com/famikazze/status/1216520608697073664","268303374","famikazze"
"1216149650064863233","Sun Jan 12 16:51:35 +0000 2020","0","@Indostransfer @touristbali Jangka panjang","1216402354284576768","","Indostransfer","in","","0","0","0","https://x.com/itolbarbar/status/1216402354284576768","748998715","itolbarbar"
"1216376888249073664","Sun Jan 12 15:31:03 +0000 2020","0","@AlterBase18Plus wisma asri","1216382086912720896","","AlterEgoThingy","in","","0","0","0","https://x.com/touristbali/status/1216382086912720896","850759686567612416","touristbali"
"1216149650064863233","Sun Jan 12 15:22:03 +0000 2020","0","@touristbali @panggilajakods @Indostransfer Nah kan.. kelihatan banget kepemdaannya... Khas banget ada padi dan kapas.. fix sangat butuh penyegaran karena sekali lagi Persija dan tim2 tradisional lainnya sudah jadi klub profesional. Coba deh lihat Psm Makassar.","1216379821153873921","","touristbali","in","Tuban, Rumah Camermu","0","0","1","https://x.com/gusgalon/status/1216379821153873921","459078524","gusgalon"
"1216365594410270720","Sun Jan 12 14:26:51 +0000 2020","1","@AlterBase18Plus susah dijambak. ogah","1216365932479516672","","AlterEgoThingy","in","","0","0","0","https://x.com/touristbali/status/1216365932479516672","850759686567612416","touristbali"
"1216149650064863233","Sun Jan 12 12:35:48 +0000 2020","0","@Nazerr14 @Indostransfer @touristbali TBF gak ada korelasinya kalaupun ada Minor banget. Tapi Ganti logo bisa jadi hal yang fresh buat Persija apalagi masih lekat ama logo pemda.","1216337983428677633","","Nazerr14","in","Kofu-shi, Yamanashi","0","0","0","https://x.com/CFA_004869/status/1216337983428677633","1143459179786432512","CFA_004869"
"1216149650064863233","Sun Jan 12 11:39:29 +0000 2020","0","@karetlotek @HabibAKarnova @Indostransfer @touristbali Perusahaan ga lebih penting dari Persija. Buat gue.. Hehe","1216323812020539393","","karetlotek","in","Portland, OR","0","1","0","https://x.com/fukkinjo/status/1216323812020539393","122745146","fukkinjo"
"1216149650064863233","Sun Jan 12 11:22:06 +0000 2020","0","@touristbali @Indostransfer Logo itu jg penting karna itu merupakan identitas sebuah klub dan memiliki filosofi tersendiri. Klo memiliki visi yg bagus pasti dpt mengantarkan menuju kesuksesan. Tpi klo mau menang doang tanpa mau berproses brarti lu glory hunter..","1216319438456119296","","touristbali","in","","0","0","0","https://x.com/slvrstn_/status/1216319438456119296","2649728491","slvrstn_"
"1216258538810433541","Sun Jan 12 11:02:39 +0000 2020","0","@touristbali Tapi sama2 insurance company yg Gagal bayar klaim klien kan?","1216314543611076608","","touristbali","in","Jakarta Selatan, DKI Jakarta","0","0","0","https://x.com/picture_play/status/1216314543611076608","4882314680","picture_play"
"1216303027876814848","Sun Jan 12 10:22:29 +0000 2020","0","@jokoanwar bang kapan pengumuman script?","1216304434029838336","","jokoanwar","in","","0","0","0","https://x.com/touristbali/status/1216304434029838336","850759686567612416","touristbali"
"1216258538810433541","Sun Jan 12 10:18:36 +0000 2020","0","@picture_play jiwasraya = bumn the laundromat = bukan bumn","1216303454974382081","","picture_play","in","","0","1","0","https://x.com/touristbali/status/1216303454974382081","850759686567612416","touristbali"
"1216149650064863233","Sun Jan 12 10:14:09 +0000 2020","0","@GusGalon @panggilajakods @Indostransfer nih ah https://t.co/VZBzVyMhMp","1216302335934095360","https://pbs.twimg.com/media/EOEsgjhUwAAhnuD.jpg","gusgalon","in","","0","2","0","https://x.com/touristbali/status/1216302335934095360","850759686567612416","touristbali"
"1216149650064863233","Sun Jan 12 08:52:51 +0000 2020","0","@Indostransfer @touristbali Benar ...... Setuju Mindset-nya mapan dalam segala lini dan prestasi akan datang.","1216281876673056769","","Indostransfer","in","Jakarta Capital Region","0","0","0","https://x.com/VHZ_Tarigan/status/1216281876673056769","1019278853317976064","VHZ_Tarigan"
"1216149650064863233","Sun Jan 12 07:08:02 +0000 2020","0","@touristbali @panggilajakods @Indostransfer Nah tim2 tradisional kayak Persija kan dulunya punya Pemda jadi wajar kalau merepresentasikan image2 Pemda.sekarang klub sudah profesional visi misinya tentu berubah dan pasti cara jualannya beda lagi menurut saya harus ada penyegaran harus lebih menarik.","1216255499936522241","","touristbali","in","Tuban, Rumah Camermu","0","1","0","https://x.com/gusgalon/status/1216255499936522241","459078524","gusgalon"
"1216149650064863233","Sun Jan 12 07:03:55 +0000 2020","0","@touristbali @panggilajakods @Indostransfer Jangan pada pake urat ah.. adu argumen hal yang wajar.saya pun ga sependapat sama mas Andre karena menurut saya image atau citra juga tidak kalah pentingnya. Untuk itu logo tim harus dibuat agar benar2 merepresentasikan visi misi dan nilai yang terkandung dalam tim tersebut.","1216254463171678209","","touristbali","in","Tuban, Rumah Camermu","0","0","0","https://x.com/gusgalon/status/1216254463171678209","459078524","gusgalon"
"1216149650064863233","Sun Jan 12 06:31:21 +0000 2020","0","@panggilajakods @GusGalon @Indostransfer apa korelasinya ? coba kasih contoh hayo btw chelsea belom IPO sih i mean. dodol? https://t.co/dTZxwTTwqL","1216246267589738497","https://pbs.twimg.com/tweet_video_thumb/EOD5hzOVAAABAuo.jpg","panggilajakods","in","","0","2","0","https://x.com/touristbali/status/1216246267589738497","850759686567612416","touristbali"
"1216149650064863233","Sun Jan 12 06:29:08 +0000 2020","0","@Fillcobain @Indostransfer klub bola itu punyanya crest/badges mas bukan logo. ya kasih analogi yang lebih tepat dong kalo gitu","1216245708950425601","","Fillcobain","in","","0","1","0","https://x.com/touristbali/status/1216245708950425601","850759686567612416","touristbali"
"1216149650064863233","Sun Jan 12 06:25:22 +0000 2020","0","@greenteatampan @Indostransfer saham itu fluktuasi mas. kalo juara aja turun apalagi kalah mas. terjun bebas?","1216244761557815297","","leirarartup","in","","0","0","0","https://x.com/touristbali/status/1216244761557815297","850759686567612416","touristbali"
"1216149650064863233","Sun Jan 12 06:23:29 +0000 2020","0","@Nazerr14 @Indostransfer lmao apa korelasinya logo sama harga saham? https://t.co/Ky9a4YOFkN","1216244287312056320","https://pbs.twimg.com/tweet_video_thumb/EOD3ueGUwAA95Us.jpg","Nazerr14","in","","0","0","0","https://x.com/touristbali/status/1216244287312056320","850759686567612416","touristbali"
"1216149650064863233","Sun Jan 12 05:32:13 +0000 2020","0","@touristbali @Indostransfer Sok keminter tapi zonk.. ","1216231385037336576","","touristbali","in","Yogyakarta, Indonesia","0","0","0","https://x.com/panggilajakods/status/1216231385037336576","890215989027028992","panggilajakods"
"1216149650064863233","Sun Jan 12 05:31:17 +0000 2020","0","@touristbali @GusGalon @Indostransfer Ya ngefek bgt lah dodol sekelas Juve dan Chelsea aja ganti kok..","1216231149803978752","","touristbali","in","Yogyakarta, Indonesia","0","1","0","https://x.com/panggilajakods/status/1216231149803978752","890215989027028992","panggilajakods"
"1216149650064863233","Sun Jan 12 04:51:15 +0000 2020","0","@touristbali @Indostransfer Ga juga mas Bali United juara sahamnya malah downtrend","1216221078130851840","","touristbali","in","Milan, Lombardy","0","1","0","https://x.com/leirarartup/status/1216221078130851840","1077858666013835270","leirarartup"
"1216149650064863233","Sun Jan 12 03:20:31 +0000 2020","0","@Indostransfer @touristbali Ga ada urgensi nya sih buat ganti logo. Apalagi logo nya kan penuh sejarah. Bagus ganti logo lebih bagus ga ganti logo.","1216198243131875330","","Indostransfer","in","Portland, OR","1","1","0","https://x.com/fukkinjo/status/1216198243131875330","122745146","fukkinjo"
"1216149650064863233","Sun Jan 12 01:35:52 +0000 2020","0","@Indostransfer @touristbali Kapok lu min","1216171905671036929","","Indostransfer","in","Jakarta Timur, DKI Jakarta","0","0","0","https://x.com/Hardiyata_GJ/status/1216171905671036929","4906092444","Hardiyata_GJ"
"1216169810570006528","Sun Jan 12 01:31:18 +0000 2020","0","@jokoanwar kapan pengumuman script bang?","1216170756217786368","","jokoanwar","in","","0","0","0","https://x.com/touristbali/status/1216170756217786368","850759686567612416","touristbali"
"1216149650064863233","Sun Jan 12 01:19:32 +0000 2020","0","@Sektiann @Indostransfer @touristbali @panditfootball kalo @persib sih sing penting bati menang kalah tinggal ngtweet hampura bobotoh ","1216167794095476736","","Sektiann","in","","0","0","0","https://x.com/skycellofficial/status/1216167794095476736","1100973316339249152","skycellofficial"
"1216149650064863233","Sun Jan 12 00:48:58 +0000 2020","0","@Indostransfer @touristbali Bener min. Mapan dulu baru Menang. Mindset pas J-League baru dbentuk. Ada artikelnya di @panditfootball . Kereen.","1216160105281945600","","Indostransfer","in","SMA Toho ","0","1","0","https://x.com/Sektiann/status/1216160105281945600","867856243","Sektiann"
"1216149650064863233","Sun Jan 12 00:41:42 +0000 2020","0","@GusGalon @Indostransfer gini mas galon sebenernya klub sepakbola itu punyanya crest atau badges bukan logo. logo itu sebenernya buat bisnis gak ngefek? buat gua gak. sepakbola itu mainnya dilapangan bukan soal logo. yang penting menang kalo menang semua seneng baik lo gua investor stakeholder dsb","1216158274753417217","","gusgalon","in","","0","1","1","https://x.com/touristbali/status/1216158274753417217","850759686567612416","touristbali"
"1216149650064863233","Sun Jan 12 00:35:53 +0000 2020","0","@Indostransfer @touristbali wkwkwk sukurin lu diserang fans konvensional ","1216156811914428416","","Indostransfer","in","Kota Yogyakarta, Yogyakarta","0","1","0","https://x.com/adepwardani/status/1216156811914428416","432512246","adepwardani"
"1216149650064863233","Sun Jan 12 00:26:46 +0000 2020","0","@touristbali @Indostransfer Jadi penyegaran logo klub yang makin modern gak ngefek sama sekali nih menurut mas Andre?","1216154515092594688","","touristbali","in","Tuban, Rumah Camermu","0","1","0","https://x.com/gusgalon/status/1216154515092594688","459078524","gusgalon"
"1216149650064863233","Sun Jan 12 00:23:14 +0000 2020","1","@Indostransfer mau IPO ko yang dipikirin logo. kalo mau beli sayur di tukang sayur ya lihat sayurnya aja bagus apa gak. gak perlu dinilai dari apa yang dipakai si penjual (baju) persija menang harga IPO bakalan bagus. menang terus = harga saham naik = investor senang dan stakeholder sumringah https://t.co/ZomaEcw9d6","1216153625631715328","https://pbs.twimg.com/tweet_video_thumb/EOClRDNVAAAjs9k.jpg","Indostransfer","in","","0","5","0","https://x.com/touristbali/status/1216153625631715328","850759686567612416","touristbali"
"1216149650064863233","Sun Jan 12 00:14:36 +0000 2020","39","@touristbali Nyerah deh. Simpel nya gini. Lupa ini mindset Sepakbola mana kalau gak salah Jepang. Cmiiw 'Mapan dulu baru jago' bukan 'jago dulu baru mapan' Mapan dlm konteks yg kita bicarain disini bukan berarti finansial ya hehehe IMO aja sih","1216151455960203264","","touristbali","in","Indonesia","0","9","3","https://x.com/Indostransfer/status/1216151455960203264","811427632336146433","Indostransfer"
